{
    "train_domain_weights": {
        "ArXiv": 0.025779460900000002,
        "BookCorpus2": 0.0210399506,
        "Books3": 0.028257869699999997,
        "DM Mathematics": 0.0433838884,
        "Enron Emails": 0.0717200606,
        "EuroParl": 0.070945671,
        "FreeLaw": 0.0333670365,
        "Github": 0.1021484134,
        "Gutenberg (PG-19)": 0.0210668366,
        "HackerNews": 0.040357348599999995,
        "NIH ExPorter": 0.0320720963,
        "OpenSubtitles": 0.0201559548,
        "OpenWebText2": 0.051656098100000006,
        "PhilPapers": 0.0390305109,
        "Pile-CC": 0.0405364681,
        "PubMed Abstracts": 0.0422926406,
        "PubMed Central": 0.0383008441,
        "StackExchange": 0.0428084434,
        "USPTO Backgrounds": 0.0321036794,
        "Ubuntu IRC": 0.0529480814,
        "Wikipedia (en)": 0.0783834127,
        "YoutubeSubtitles": 0.07164523390000001
    },
    "eval_domain_weights": {
        "ArXiv": 0.025779460900000002,
        "BookCorpus2": 0.0210399506,
        "Books3": 0.028257869699999997,
        "DM Mathematics": 0.0433838884,
        "Enron Emails": 0.0717200606,
        "EuroParl": 0.070945671,
        "FreeLaw": 0.0333670365,
        "Github": 0.1021484134,
        "Gutenberg (PG-19)": 0.0210668366,
        "HackerNews": 0.040357348599999995,
        "NIH ExPorter": 0.0320720963,
        "OpenSubtitles": 0.0201559548,
        "OpenWebText2": 0.051656098100000006,
        "PhilPapers": 0.0390305109,
        "Pile-CC": 0.0405364681,
        "PubMed Abstracts": 0.0422926406,
        "PubMed Central": 0.0383008441,
        "StackExchange": 0.0428084434,
        "USPTO Backgrounds": 0.0321036794,
        "Ubuntu IRC": 0.0529480814,
        "Wikipedia (en)": 0.0783834127,
        "YoutubeSubtitles": 0.07164523390000001
    }
}