{
    "train_domain_weights": {
        "ArXiv": 0.0236150292518841,
        "BookCorpus2": 0.032341390467724704,
        "Books3": 0.07632585549429972,
        "DM Mathematics": 0.0007412087638687029,
        "Enron Emails": 0.022757758155987618,
        "EuroParl": 0.04310302782137675,
        "FreeLaw": 0.029734037757738068,
        "Github": 0.03459881529621377,
        "Gutenberg (PG-19)": 0.03747651287459646,
        "HackerNews": 0.032764945207651074,
        "NIH ExPorter": 0.03569454116661213,
        "OpenSubtitles": 0.00651908132096996,
        "OpenWebText2": 0.11014264897808185,
        "PhilPapers": 0.09357252792327793,
        "Pile-CC": 0.09282958164802933,
        "PubMed Abstracts": 0.05412969960026168,
        "PubMed Central": 0.049780788423504335,
        "StackExchange": 0.04386095787456303,
        "USPTO Backgrounds": 0.030807951127831253,
        "Ubuntu IRC": 0.021173214785918805,
        "Wikipedia (en)": 0.0804229333644827,
        "YoutubeSubtitles": 0.047607492695126076
    },
    "eval_domain_weights": {
        "ArXiv": 0.0236150292518841,
        "BookCorpus2": 0.032341390467724704,
        "Books3": 0.07632585549429972,
        "DM Mathematics": 0.0007412087638687029,
        "Enron Emails": 0.022757758155987618,
        "EuroParl": 0.04310302782137675,
        "FreeLaw": 0.029734037757738068,
        "Github": 0.03459881529621377,
        "Gutenberg (PG-19)": 0.03747651287459646,
        "HackerNews": 0.032764945207651074,
        "NIH ExPorter": 0.03569454116661213,
        "OpenSubtitles": 0.00651908132096996,
        "OpenWebText2": 0.11014264897808185,
        "PhilPapers": 0.09357252792327793,
        "Pile-CC": 0.09282958164802933,
        "PubMed Abstracts": 0.05412969960026168,
        "PubMed Central": 0.049780788423504335,
        "StackExchange": 0.04386095787456303,
        "USPTO Backgrounds": 0.030807951127831253,
        "Ubuntu IRC": 0.021173214785918805,
        "Wikipedia (en)": 0.0804229333644827,
        "YoutubeSubtitles": 0.047607492695126076
    }
}