{
    "train_domain_weights": {
        "ArXiv": 0.0349774587,
        "BookCorpus2": 0.046073623,
        "Books3": 0.0697499761,
        "DM Mathematics": 0.007773094,
        "Enron Emails": 0.0271761786,
        "EuroParl": 0.0314484261,
        "FreeLaw": 0.0394054033,
        "Github": 0.0450775375,
        "Gutenberg (PG-19)": 0.053462684100000005,
        "HackerNews": 0.0474276128,
        "NIH ExPorter": 0.0406265814,
        "OpenSubtitles": 0.020182878799999998,
        "OpenWebText2": 0.0761048289,
        "PhilPapers": 0.060257032099999996,
        "Pile-CC": 0.0841185498,
        "PubMed Abstracts": 0.0497051019,
        "PubMed Central": 0.0461771392,
        "StackExchange": 0.0505560102,
        "USPTO Backgrounds": 0.0423289636,
        "Ubuntu IRC": 0.0281421119,
        "Wikipedia (en)": 0.063892625,
        "YoutubeSubtitles": 0.035336183
    },
    "eval_domain_weights": {
        "ArXiv": 0.0349774587,
        "BookCorpus2": 0.046073623,
        "Books3": 0.0697499761,
        "DM Mathematics": 0.007773094,
        "Enron Emails": 0.0271761786,
        "EuroParl": 0.0314484261,
        "FreeLaw": 0.0394054033,
        "Github": 0.0450775375,
        "Gutenberg (PG-19)": 0.053462684100000005,
        "HackerNews": 0.0474276128,
        "NIH ExPorter": 0.0406265814,
        "OpenSubtitles": 0.020182878799999998,
        "OpenWebText2": 0.0761048289,
        "PhilPapers": 0.060257032099999996,
        "Pile-CC": 0.0841185498,
        "PubMed Abstracts": 0.0497051019,
        "PubMed Central": 0.0461771392,
        "StackExchange": 0.0505560102,
        "USPTO Backgrounds": 0.0423289636,
        "Ubuntu IRC": 0.0281421119,
        "Wikipedia (en)": 0.063892625,
        "YoutubeSubtitles": 0.035336183
    }
}