{
    "train_domain_weights": {
        "ArXiv": 0.05069646,
        "BookCorpus2": 0.00882356,
        "Books3": 0.03915231,
        "DM Mathematics": 0.02397421,
        "Enron Emails": 0.07862893,
        "EuroParl": 0.06482508,
        "FreeLaw": 0.0441086,
        "Github": 0.08120067,
        "Gutenberg (PG-19)": 0.03725258,
        "HackerNews": 0.02284707,
        "NIH ExPorter": 0.01549354,
        "OpenSubtitles": 0.01873965,
        "OpenWebText2": 0.04434161,
        "PhilPapers": 0.03724602,
        "Pile-CC": 0.04225091,
        "PubMed Abstracts": 0.07268487,
        "PubMed Central": 0.04638325,
        "StackExchange": 0.06161893,
        "USPTO Backgrounds": 0.03869576,
        "Ubuntu IRC": 0.04353194,
        "Wikipedia (en)": 0.07894582,
        "YoutubeSubtitles": 0.04855822
    },
    "eval_domain_weights": {
        "ArXiv": 0.05069646,
        "BookCorpus2": 0.00882356,
        "Books3": 0.03915231,
        "DM Mathematics": 0.02397421,
        "Enron Emails": 0.07862893,
        "EuroParl": 0.06482508,
        "FreeLaw": 0.0441086,
        "Github": 0.08120067,
        "Gutenberg (PG-19)": 0.03725258,
        "HackerNews": 0.02284707,
        "NIH ExPorter": 0.01549354,
        "OpenSubtitles": 0.01873965,
        "OpenWebText2": 0.04434161,
        "PhilPapers": 0.03724602,
        "Pile-CC": 0.04225091,
        "PubMed Abstracts": 0.07268487,
        "PubMed Central": 0.04638325,
        "StackExchange": 0.06161893,
        "USPTO Backgrounds": 0.03869576,
        "Ubuntu IRC": 0.04353194,
        "Wikipedia (en)": 0.07894582,
        "YoutubeSubtitles": 0.04855822
    }
}