{
    "train_domain_weights": {
        "ArXiv": 0.0335648455,
        "BookCorpus2": 0.0348970885,
        "Books3": 0.054401659,
        "DM Mathematics": 0.004740577,
        "Enron Emails": 0.0416319483,
        "EuroParl": 0.0681387179,
        "FreeLaw": 0.0375130875,
        "Github": 0.0381580058,
        "Gutenberg (PG-19)": 0.034849178,
        "HackerNews": 0.0343449112,
        "NIH ExPorter": 0.0436792999,
        "OpenSubtitles": 0.0160578779,
        "OpenWebText2": 0.0719495444,
        "PhilPapers": 0.0772014618,
        "Pile-CC": 0.0548629702,
        "PubMed Abstracts": 0.0541400752,
        "PubMed Central": 0.0535944058,
        "StackExchange": 0.0431310801,
        "USPTO Backgrounds": 0.0361834498,
        "Ubuntu IRC": 0.0374036572,
        "Wikipedia (en)": 0.062576937,
        "YoutubeSubtitles": 0.0669792221
    },
    "eval_domain_weights": {
        "ArXiv": 0.0335648455,
        "BookCorpus2": 0.0348970885,
        "Books3": 0.054401659,
        "DM Mathematics": 0.004740577,
        "Enron Emails": 0.0416319483,
        "EuroParl": 0.0681387179,
        "FreeLaw": 0.0375130875,
        "Github": 0.0381580058,
        "Gutenberg (PG-19)": 0.034849178,
        "HackerNews": 0.0343449112,
        "NIH ExPorter": 0.0436792999,
        "OpenSubtitles": 0.0160578779,
        "OpenWebText2": 0.0719495444,
        "PhilPapers": 0.0772014618,
        "Pile-CC": 0.0548629702,
        "PubMed Abstracts": 0.0541400752,
        "PubMed Central": 0.0535944058,
        "StackExchange": 0.0431310801,
        "USPTO Backgrounds": 0.0361834498,
        "Ubuntu IRC": 0.0374036572,
        "Wikipedia (en)": 0.062576937,
        "YoutubeSubtitles": 0.0669792221
    }
}